<?xml version="1.0" encoding="UTF-8"?>
<configurationDescriptor version="94">
  <logicalFolder name="root" displayName="root" projectFiles="true" kind="ROOT">
    <df root="." name="0">
      <df name="core">
        <in>Main.cc</in>
        <in>Solver.cc</in>
      </df>
      <df name="utils">
        <in>Options.cc</in>
        <in>System.cc</in>
      </df>
    </df>
    <logicalFolder name="piping"
                   displayName="piping"
                   projectFiles="true"
                   root="../piping">
      <itemPath>../piping/Pipe.cc</itemPath>
    </logicalFolder>
    <logicalFolder name="ExternalFiles"
                   displayName="Important Files"
                   projectFiles="false"
                   kind="IMPORTANT_FILES_FOLDER">
      <itemPath>Makefile</itemPath>
    </logicalFolder>
  </logicalFolder>
  <sourceFolderFilter>^(nbproject)$</sourceFolderFilter>
  <sourceRootList>
    <Elem>.</Elem>
  </sourceRootList>
  <projectmakefile>Makefile</projectmakefile>
  <confs>
    <conf name="Default" type="0">
      <toolsSet>
        <compilerSet>default</compilerSet>
        <dependencyChecking>false</dependencyChecking>
        <rebuildPropChanged>false</rebuildPropChanged>
      </toolsSet>
      <codeAssistance>
      </codeAssistance>
      <makefileType>
        <makeTool>
          <buildCommandWorkingDir>.</buildCommandWorkingDir>
          <buildCommand>${MAKE} -f Makefile</buildCommand>
          <cleanCommand>${MAKE} -f Makefile clean</cleanCommand>
          <executablePath>core/minisat</executablePath>
          <ccTool>
            <incDir>
              <pElem>.</pElem>
            </incDir>
            <preprocessorList>
              <Elem>__STDC_FORMAT_MACROS</Elem>
              <Elem>__STDC_LIMIT_MACROS</Elem>
            </preprocessorList>
          </ccTool>
        </makeTool>
      </makefileType>
      <item path="../piping/Pipe.cc" ex="false" tool="1" flavor2="0">
      </item>
      <item path="core/Main.cc" ex="false" tool="1" flavor2="0">
      </item>
      <item path="core/Solver.cc" ex="false" tool="1" flavor2="0">
      </item>
      <folder path="0/utils">
        <ccTool>
          <incDir>
            <pElem>core</pElem>
          </incDir>
          <preprocessorList>
            <Elem>DEBUG</Elem>
          </preprocessorList>
        </ccTool>
      </folder>
      <folder path="piping">
        <ccTool>
          <incDir>
            <pElem>core</pElem>
          </incDir>
          <preprocessorList>
            <Elem>DEBUG</Elem>
          </preprocessorList>
        </ccTool>
      </folder>
      <item path="utils/Options.cc" ex="false" tool="1" flavor2="0">
      </item>
      <item path="utils/System.cc" ex="false" tool="1" flavor2="0">
      </item>
    </conf>
  </confs>
</configurationDescriptor>
